video_url,author,text,time,votes,is_reply
https://youtu.be/DZIASl9q90s?si=56faVqrrQ9AiQZph,@MrBeast,Which athletes should we get next?,6 months ago,99k,False
https://youtu.be/DZIASl9q90s?si=56faVqrrQ9AiQZph,@animedumultivers,Je vous suis depuis le Cameroun ğŸ¤§ğŸ¤§,2 hours ago,0,False
https://youtu.be/DZIASl9q90s?si=56faVqrrQ9AiQZph,@ljclmm,"Live, laugh, love, NEYMARâ¤â¤â¤â¤",5 hours ago,0,False
https://youtu.be/DZIASl9q90s?si=56faVqrrQ9AiQZph,@goldshypff7331,top,11 hours ago,0,False
https://youtu.be/DZIASl9q90s?si=56faVqrrQ9AiQZph,@AzizbekYaxyoyev-h8n,Azizbek O'zbekiston â¤â¤â¤â¤,1 day ago,0,False
https://youtu.be/DZIASl9q90s?si=56faVqrrQ9AiQZph,@alhazmondol149,please gift a phone.. mr beastğŸ˜¢ğŸ˜¢,1 day ago,0,False
https://youtu.be/DZIASl9q90s?si=56faVqrrQ9AiQZph,@firefamily89,60 dangğŸ˜‚,1 day ago,0,False
https://youtu.be/DZIASl9q90s?si=56faVqrrQ9AiQZph,@chickdrog,i am the best footballer in india,1 day ago,0,False
https://youtu.be/DZIASl9q90s?si=56faVqrrQ9AiQZph,@EunFlicks,Seeing Neymar here is absolute wow!,2 days ago,0,False
https://youtu.be/DZIASl9q90s?si=56faVqrrQ9AiQZph,@VSRuler,Neymar ğŸ‘ğŸ’ª,2 days ago,0,False
https://youtu.be/DZIASl9q90s?si=56faVqrrQ9AiQZph,@StoreLy-x7y,love neymar â¤â¤,2 days ago,0,False
https://youtu.be/DZIASl9q90s?si=56faVqrrQ9AiQZph,@PhuongLe-fm6in,Neymar Just Gave It Because Neymar's Family Is Rich,2 days ago,0,False
https://youtu.be/DZIASl9q90s?si=56faVqrrQ9AiQZph,@NamoryJrBamba,Leo Messi,2 days ago,0,False
https://youtu.be/DZIASl9q90s?si=56faVqrrQ9AiQZph,@2x_Cole2chill,Neymar Jr Everybody ğŸ˜ğŸ‡§ğŸ‡·ğŸ–ï¸ğŸ˜œğŸ¤š,2 days ago,1,False
https://youtu.be/DZIASl9q90s?si=56faVqrrQ9AiQZph,@tshepomorotsi63,Plizzzzz visit Botswana,2 days ago,0,False
https://youtu.be/DZIASl9q90s?si=56faVqrrQ9AiQZph,@V0lt1c-gaming,Lacy was thereğŸ˜‚,2 days ago,0,False
https://youtu.be/DZIASl9q90s?si=56faVqrrQ9AiQZph,@IGUNIOPL,Iga ÅšwiÄ…tek better,3 days ago,1,False
https://youtu.be/DZIASl9q90s?si=56faVqrrQ9AiQZph,@Fxz_Playz,0:31 4 of ksiâ€™s sistersğŸ’€ğŸ’€ğŸ’€,3 days ago,0,False
https://youtu.be/DZIASl9q90s?si=56faVqrrQ9AiQZph,@TarekAhmed-j8y8o,Messi ğŸ™ğŸ™,3 days ago,0,False
https://youtu.be/DZIASl9q90s?si=56faVqrrQ9AiQZph,@tiegerkung,Why havent got this man a ballondior,3 days ago,0,False
https://youtu.be/DZIASl9q90s?si=56faVqrrQ9AiQZph,@bububullearc,ğŸ‰,6 months ago,885,False
https://youtu.be/DZIASl9q90s?si=56faVqrrQ9AiQZph,@MarianoPeredoCastillo,First,6 months ago,670,False
https://youtu.be/DZIASl9q90s?si=56faVqrrQ9AiQZph,@afiqrrhbb2493,ğŸ‰,6 months ago,460,False
https://youtu.be/DZIASl9q90s?si=56faVqrrQ9AiQZph,@officialrandominternetuser55,A,6 months ago,321,False
https://youtu.be/DZIASl9q90s?si=56faVqrrQ9AiQZph,@danielsano6582,Me,6 months ago,704,False
https://youtu.be/DZIASl9q90s?si=56faVqrrQ9AiQZph,@brodyste.h,Yo,6 months ago,238,False
https://youtu.be/DZIASl9q90s?si=56faVqrrQ9AiQZph,@jeremydechavez3538,??,6 months ago,174,False
https://youtu.be/DZIASl9q90s?si=56faVqrrQ9AiQZph,@rikosanjaya-s3u,OMG,6 months ago,184,False
https://youtu.be/DZIASl9q90s?si=56faVqrrQ9AiQZph,@MBCHORII,ÙˆØ§Ù„Ù„Ù‡ Ù„ÙˆÙŠØ¬ÙŠÙ†ÙŠ Ø¥Ø´Ø¹Ø§Ø± Ù…Ø´ØªØ±Ùƒ Ø¬Ø¯ÙŠØ¯ Ø±Ø­ Ø£Ø¯Ø¹ÙŠ Ù„Ù‡ Ù…Ù† Ù‚Ù„Ø¨ÙŠâ¤ğŸ˜¢,6 months ago,650,False
https://youtu.be/DZIASl9q90s?si=56faVqrrQ9AiQZph,@Potatohead120,Conner bedard,6 months ago,371,False
https://youtu.be/DZIASl9q90s?si=56faVqrrQ9AiQZph,@ryanhughes5885,First,6 months ago,75,False
https://youtu.be/DZIASl9q90s?si=56faVqrrQ9AiQZph,@vercelstudios,Me,6 months ago,82,False
https://youtu.be/DZIASl9q90s?si=56faVqrrQ9AiQZph,@infernce,Messi,6 months ago,3.9k,False
https://youtu.be/DZIASl9q90s?si=56faVqrrQ9AiQZph,@snip_ch,Hmmm,6 months ago,66,False
https://youtu.be/DZIASl9q90s?si=56faVqrrQ9AiQZph,@TingleSanctuary_ASMR,Watching within 1 min ğŸ‰,6 months ago,65,False
https://youtu.be/DZIASl9q90s?si=56faVqrrQ9AiQZph,@junghwalee9770,Messi,6 months ago,2.5k,False
https://youtu.be/DZIASl9q90s?si=56faVqrrQ9AiQZph,@GetSetDark-yr1hl,Messi,6 months ago,2.5k,False
https://youtu.be/DZIASl9q90s?si=56faVqrrQ9AiQZph,@samardhgazzala122,LeBron James,6 months ago,960,False
https://youtu.be/DZIASl9q90s?si=56faVqrrQ9AiQZph,@chowcow5297,quincy wilson,6 months ago,127,False
https://youtu.be/DZIASl9q90s?si=56faVqrrQ9AiQZph,@MrBlobShorts,MESSI!!!! ğŸ,6 months ago,1.5k,False
https://youtu.be/DZIASl9q90s?si=56faVqrrQ9AiQZph,@JoseHernandezR-p4v,Lionel Messi,6 months ago,1.2k,False
https://youtu.be/DZIASl9q90s?si=56faVqrrQ9AiQZph,@nowheresaguy28373,Ur mom,6 months ago,204,False
https://youtu.be/DZIASl9q90s?si=56faVqrrQ9AiQZph,@mdtopayl2267,ğŸ‰ğŸ‰ğŸ‰,6 months ago,18,False
https://youtu.be/DZIASl9q90s?si=56faVqrrQ9AiQZph,@Ryanotwere,messi,6 months ago,801,False
https://youtu.be/DZIASl9q90s?si=56faVqrrQ9AiQZph,@Redflag_aviaton-13,MESSI,6 months ago,860,False
https://youtu.be/DZIASl9q90s?si=56faVqrrQ9AiQZph,@mdtopayl2267,ğŸ‰ğŸ‰,6 months ago,20,False
https://youtu.be/DZIASl9q90s?si=56faVqrrQ9AiQZph,@PossiblyNathan,Messi,6 months ago,727,False
https://youtu.be/DZIASl9q90s?si=56faVqrrQ9AiQZph,@AmnxySh4rk,ME I RIDE HORSES!,6 months ago,83,False
https://youtu.be/DZIASl9q90s?si=56faVqrrQ9AiQZph,@hawkeyes4011,me,6 months ago,16,False
https://youtu.be/DZIASl9q90s?si=56faVqrrQ9AiQZph,@LiliVR-lr3cn,IDK,6 months ago,16,False
https://youtu.be/DZIASl9q90s?si=56faVqrrQ9AiQZph,@djbdgxhx5014,â¤â¤â¤,6 months ago,10,False
https://youtu.be/DZIASl9q90s?si=56faVqrrQ9AiQZph,@DylanHernandez-i9i,HOLA,6 months ago,25,False
https://youtu.be/DZIASl9q90s?si=56faVqrrQ9AiQZph,@MercesMicro,Haaland,6 months ago,142,False
https://youtu.be/DZIASl9q90s?si=56faVqrrQ9AiQZph,@paradisesall7517,LeBron,6 months ago,109,False
https://youtu.be/DZIASl9q90s?si=56faVqrrQ9AiQZph,@Tender28,lebron,6 months ago,91,False
https://youtu.be/DZIASl9q90s?si=56faVqrrQ9AiQZph,@texanbulldog_fn,Mohamed salah,6 months ago,191,False
https://youtu.be/DZIASl9q90s?si=56faVqrrQ9AiQZph,@DylanHernandez-i9i,Is mrbeast,6 months ago,27,False
https://youtu.be/DZIASl9q90s?si=56faVqrrQ9AiQZph,@092_0x,Me,6 months ago,14,False
https://youtu.be/DZIASl9q90s?si=56faVqrrQ9AiQZph,@KendallBousum,PATRICK MAHOMES PLS,6 months ago,74,False
https://youtu.be/DZIASl9q90s?si=56faVqrrQ9AiQZph,@im_tired_28,Messi!!!!!!!!!,6 months ago,239,False
https://youtu.be/DZIASl9q90s?si=56faVqrrQ9AiQZph,@ochoachucky,Can I get a dollar?,6 months ago,19,False
https://youtu.be/DZIASl9q90s?si=56faVqrrQ9AiQZph,@juancruzpatrignani,Messi,6 months ago,209,False
https://youtu.be/DZIASl9q90s?si=56faVqrrQ9AiQZph,@muhammedsayan4578,Luka Modric,6 months ago,103,False
https://youtu.be/DZIASl9q90s?si=56faVqrrQ9AiQZph,@Coolamba-ep7ks,lebronnn,6 months ago,42,False
https://youtu.be/DZIASl9q90s?si=56faVqrrQ9AiQZph,@naziamujahid4895,Arda guler,6 months ago,60,False
https://youtu.be/DZIASl9q90s?si=56faVqrrQ9AiQZph,@Captainblue1202,Anthony Edwardâ€™s nba player,6 months ago,39,False
https://youtu.be/DZIASl9q90s?si=56faVqrrQ9AiQZph,@lolformedude815,lebron,6 months ago,31,False
https://youtu.be/DZIASl9q90s?si=56faVqrrQ9AiQZph,@dobyz23,LEBRON,6 months ago,33,False
https://youtu.be/DZIASl9q90s?si=56faVqrrQ9AiQZph,@immutabile,mbappe,6 months ago,89,False
https://youtu.be/DZIASl9q90s?si=56faVqrrQ9AiQZph,@ferhiunhom230,Joe Burrow.,6 months ago,24,False
https://youtu.be/DZIASl9q90s?si=56faVqrrQ9AiQZph,@chuchatr3635,ur mama,6 months ago,17,False
https://youtu.be/DZIASl9q90s?si=56faVqrrQ9AiQZph,@romdfilmss,Basketball LeGend,6 months ago,12,False
https://youtu.be/DZIASl9q90s?si=56faVqrrQ9AiQZph,@suyaib586,Messi,6 months ago,135,False
https://youtu.be/DZIASl9q90s?si=56faVqrrQ9AiQZph,@taraernst5359,Pete Alonso,6 months ago,14,False
https://youtu.be/DZIASl9q90s?si=56faVqrrQ9AiQZph,@corrupto_25,Messi,6 months ago,136,False
https://youtu.be/DZIASl9q90s?si=56faVqrrQ9AiQZph,@kekyshka1320,MBAPPE,6 months ago,58,False
https://youtu.be/DZIASl9q90s?si=56faVqrrQ9AiQZph,@NITROXPLAYZZZZ,Mbappe,6 months ago,52,False
https://youtu.be/DZIASl9q90s?si=56faVqrrQ9AiQZph,@AK_Animations_0,W,6 months ago,8,False
https://youtu.be/DZIASl9q90s?si=56faVqrrQ9AiQZph,@SimonEthan-e1y,W,6 months ago,5,False
https://youtu.be/DZIASl9q90s?si=56faVqrrQ9AiQZph,@Wolf855,Lewis Hamilton,6 months ago,37,False
https://youtu.be/DZIASl9q90s?si=56faVqrrQ9AiQZph,@SuperJayden1,Messi,6 months ago,83,False
https://youtu.be/DZIASl9q90s?si=56faVqrrQ9AiQZph,@Ameyu-p1f,Yamalâ¤,6 months ago,45,False
https://youtu.be/DZIASl9q90s?si=56faVqrrQ9AiQZph,@eldetective930,Ronaldinho,6 months ago,35,False
https://youtu.be/DZIASl9q90s?si=56faVqrrQ9AiQZph,@Besmaxs,Arshad nadeem from pak,6 months ago,13,False
https://youtu.be/DZIASl9q90s?si=56faVqrrQ9AiQZph,@beibarysmukhambetzhan3020,"Ronaldoâœ”ï¸
Neymarâœ”ï¸
Messiâ“ï¸â“ï¸â“ï¸ğŸ˜³ğŸ˜³",6 months ago,96,False
https://youtu.be/DZIASl9q90s?si=56faVqrrQ9AiQZph,@Randombean2721,Do usian bolt next that would be funny,6 months ago,32,False
https://youtu.be/DZIASl9q90s?si=56faVqrrQ9AiQZph,@joeburgess9131,Tom aspinall - true heavyweight champ,6 months ago,11,False
https://youtu.be/DZIASl9q90s?si=56faVqrrQ9AiQZph,@Wimiloz,me,6 months ago,4,False
https://youtu.be/DZIASl9q90s?si=56faVqrrQ9AiQZph,@a.vizuals1,lebron,6 months ago,9,False
https://youtu.be/DZIASl9q90s?si=56faVqrrQ9AiQZph,@RealestReviews69,Khabib,6 months ago,21,False
https://youtu.be/DZIASl9q90s?si=56faVqrrQ9AiQZph,@Poison_90s,Messiâ¤,6 months ago,55,False
https://youtu.be/DZIASl9q90s?si=56faVqrrQ9AiQZph,@byme568,VIRAT KOHLI,6 months ago,189,False
https://youtu.be/DZIASl9q90s?si=56faVqrrQ9AiQZph,@ManvendraVk,Virat kohli,6 months ago,169,False
https://youtu.be/DZIASl9q90s?si=56faVqrrQ9AiQZph,@AmalenduSingh7,Virat kohli ğŸ˜Š,6 months ago,216,False
https://youtu.be/DZIASl9q90s?si=56faVqrrQ9AiQZph,@zihadhossein98,MessiğŸ,6 months ago,48,False
https://youtu.be/DZIASl9q90s?si=56faVqrrQ9AiQZph,@Tender28,shaq or mj,6 months ago,8,False
https://youtu.be/DZIASl9q90s?si=56faVqrrQ9AiQZph,@noiceman9906,Can't get messi the goatğŸ˜,6 months ago,19,False
https://youtu.be/DZIASl9q90s?si=56faVqrrQ9AiQZph,@noonessssssssssz,Virat kholi,6 months ago,136,False
https://youtu.be/DZIASl9q90s?si=56faVqrrQ9AiQZph,@umesh_janala,ğŸ‡³ğŸ‡µğŸ‡³ğŸ‡µğŸ‡³ğŸ‡µğŸ‡³ğŸ‡µ,6 months ago,5,False
https://youtu.be/DZIASl9q90s?si=56faVqrrQ9AiQZph,@foreverwicked,hellooo,6 months ago,2,False
https://youtu.be/DZIASl9q90s?si=56faVqrrQ9AiQZph,@One-in-black,Messi,6 months ago,32,False
https://youtu.be/DZIASl9q90s?si=56faVqrrQ9AiQZph,@caughtup726,Hmm ğŸ¤”,6 months ago,1,False
https://youtu.be/DZIASl9q90s?si=56faVqrrQ9AiQZph,@whatulookingat5652,lebron,6 months ago,7,False
https://youtu.be/DZIASl9q90s?si=56faVqrrQ9AiQZph,@W-pp2pf,LeBron,6 months ago,6,False
https://youtu.be/DZIASl9q90s?si=56faVqrrQ9AiQZph,@BonganiBanda-z1r,Jey USO,6 months ago,7,False
https://youtu.be/DZIASl9q90s?si=56faVqrrQ9AiQZph,@rthle27,PLS MESSI AND JORDAN,6 months ago,13,False
https://youtu.be/DZIASl9q90s?si=56faVqrrQ9AiQZph,@dereklee1015,Messi,6 months ago,27,False
https://youtu.be/DZIASl9q90s?si=56faVqrrQ9AiQZph,@ayushgautam7546,virat kohli,6 months ago,89,False
https://youtu.be/DZIASl9q90s?si=56faVqrrQ9AiQZph,@waitformyturnbro,babar azam,6 months ago,14,False
https://youtu.be/DZIASl9q90s?si=56faVqrrQ9AiQZph,@raj_bhadani_04,Virat Kohli,6 months ago,98,False
https://youtu.be/DZIASl9q90s?si=56faVqrrQ9AiQZph,@shubhamsingh8870,Virat Kohli,6 months ago,93,False
https://youtu.be/DZIASl9q90s?si=56faVqrrQ9AiQZph,@sethasante-rm3wd,lebron,6 months ago,5,False
https://youtu.be/DZIASl9q90s?si=56faVqrrQ9AiQZph,@Rapboykkk,Virat kohli â¤,6 months ago,104,False
https://youtu.be/DZIASl9q90s?si=56faVqrrQ9AiQZph,@Black_hole5903,Messi,6 months ago,17,False
https://youtu.be/DZIASl9q90s?si=56faVqrrQ9AiQZph,@jacobwebb4421,Shaquille Oâ€™Neal,6 months ago,3,False
https://youtu.be/DZIASl9q90s?si=56faVqrrQ9AiQZph,@Ronaldo_edit_offical7,I think messi,6 months ago,13,False
https://youtu.be/DZIASl9q90s?si=56faVqrrQ9AiQZph,@ivandenelzen,First,6 months ago,2,False
https://youtu.be/DZIASl9q90s?si=56faVqrrQ9AiQZph,@Umpohliew97,Messi,6 months ago,14,False
https://youtu.be/DZIASl9q90s?si=56faVqrrQ9AiQZph,@fznmnmt,y,6 months ago,2,False
https://youtu.be/DZIASl9q90s?si=56faVqrrQ9AiQZph,@Elsofiomdq,Messi!!!!!,6 months ago,16,False
https://youtu.be/DZIASl9q90s?si=56faVqrrQ9AiQZph,@amartyavats,Virat kohli or any indian cricketer!!!!!,6 months ago,69,False
https://youtu.be/DZIASl9q90s?si=56faVqrrQ9AiQZph,@fifakid2023,Messi,6 months ago,20,False
https://youtu.be/DZIASl9q90s?si=56faVqrrQ9AiQZph,@alanebarrosreceitadeviver9564,Lionel messi,6 months ago,17,False
https://youtu.be/DZIASl9q90s?si=56faVqrrQ9AiQZph,@Ai-rk3cy,"Roberto carlos?
power shoot",6 months ago,6,False
https://youtu.be/DZIASl9q90s?si=56faVqrrQ9AiQZph,@Mangabs1,CAÃ‡A RATO,6 months ago,6,False
https://youtu.be/DZIASl9q90s?si=56faVqrrQ9AiQZph,@viceprincipalcriticismine,This First is mine.,6 months ago,2,False
https://youtu.be/DZIASl9q90s?si=56faVqrrQ9AiQZph,@brikmanager37,Sebastian VettelğŸ‰,6 months ago,7,False
https://youtu.be/DZIASl9q90s?si=56faVqrrQ9AiQZph,@sheshraj31,Messi or lamine yamal .,6 months ago,10,False
https://youtu.be/DZIASl9q90s?si=56faVqrrQ9AiQZph,@shortsking-d3z,Virat Kohli,6 months ago,57,False
https://youtu.be/DZIASl9q90s?si=56faVqrrQ9AiQZph,@Truckkun-op,Messi,6 months ago,10,False
https://youtu.be/DZIASl9q90s?si=56faVqrrQ9AiQZph,@Super_Sam2510,Messi,6 months ago,9,False
https://youtu.be/DZIASl9q90s?si=56faVqrrQ9AiQZph,@zubayer.ahmmad.11,Messi,6 months ago,7,False
https://youtu.be/DZIASl9q90s?si=56faVqrrQ9AiQZph,@mohakal2191,Cricket ğŸğŸğŸğŸğŸğŸğŸğŸğŸğŸğŸğŸğŸğŸğŸğŸğŸğŸğŸğŸğŸğŸğŸğŸğŸğŸğŸğŸğŸğŸğŸğŸğŸğŸğŸğŸğŸğŸğŸğŸğŸğŸ king Koli ğŸ‰ğŸ‰ğŸ‰â¤â¤â¤ğŸ˜®ğŸ˜®ğŸ˜®ğŸ˜®ğŸ˜ŠğŸ˜ŠğŸ˜Š,6 months ago,36,False
https://youtu.be/DZIASl9q90s?si=56faVqrrQ9AiQZph,@sivabalankannan790,Virat kohli,6 months ago,60,False
https://youtu.be/DZIASl9q90s?si=56faVqrrQ9AiQZph,@Brickwall103,42ndğŸ’€,6 months ago,2,False
https://youtu.be/DZIASl9q90s?si=56faVqrrQ9AiQZph,@kevindubon4881,You should get messi or lamine yamal,6 months ago,3,False
https://youtu.be/DZIASl9q90s?si=56faVqrrQ9AiQZph,@ivandenelzen,45st,6 months ago,2,False
https://youtu.be/DZIASl9q90s?si=56faVqrrQ9AiQZph,@fhlfgpgjpgg,Messi,6 months ago,11,False
https://youtu.be/DZIASl9q90s?si=56faVqrrQ9AiQZph,@Neeshus121,Ms dhoni ğŸ’›ğŸ’›ğŸ’›,6 months ago,28,False
https://youtu.be/DZIASl9q90s?si=56faVqrrQ9AiQZph,@Vyusysndjs,Can I get a hello,6 months ago,3,False
https://youtu.be/DZIASl9q90s?si=56faVqrrQ9AiQZph,@CricketLover-m3h,Lionel Messi,6 months ago,9,False
https://youtu.be/DZIASl9q90s?si=56faVqrrQ9AiQZph,@fznmnmt,ANTHONY,6 months ago,1,False
https://youtu.be/DZIASl9q90s?si=56faVqrrQ9AiQZph,@Semplicemente_pazza,Lionel messi,6 months ago,7,False
https://youtu.be/DZIASl9q90s?si=56faVqrrQ9AiQZph,@rafa_slapelis,ğŸ³,6 months ago,1,False
https://youtu.be/DZIASl9q90s?si=56faVqrrQ9AiQZph,@user-ww7kk5xq8m,Shohei Ohtani,6 months ago,29,False
https://youtu.be/DZIASl9q90s?si=56faVqrrQ9AiQZph,@KitchenAndVlogVibes,Nice Video â¤ï¸ğŸ˜ğŸ˜,6 months ago,0,False
https://youtu.be/DZIASl9q90s?si=56faVqrrQ9AiQZph,@LioEdgeller,Usain Bolt,6 months ago,6,False
https://youtu.be/DZIASl9q90s?si=56faVqrrQ9AiQZph,@PollPosters,Conner McDavid,6 months ago,8,False
https://youtu.be/DZIASl9q90s?si=56faVqrrQ9AiQZph,@Cayden-z4u,All of em,6 months ago,0,False
https://youtu.be/DZIASl9q90s?si=56faVqrrQ9AiQZph,@unik-edition446,Virat Kohli â¤,6 months ago,28,False
https://youtu.be/DZIASl9q90s?si=56faVqrrQ9AiQZph,@DogzGT12,Mppape,6 months ago,1,False
https://youtu.be/DZIASl9q90s?si=56faVqrrQ9AiQZph,@Truckkun-op,Messi,6 months ago,7,False
https://youtu.be/DZIASl9q90s?si=56faVqrrQ9AiQZph,@AbdullahAlhamalawy,Mo Salahâ¤ğŸ‡¾ğŸ‡ª,6 months ago,1,False
https://youtu.be/DZIASl9q90s?si=56faVqrrQ9AiQZph,@StrawberriCurtis-n7o,Mbappe,6 months ago,2,False
https://youtu.be/DZIASl9q90s?si=56faVqrrQ9AiQZph,@RaianAhmed369,MessiğŸ˜Š,6 months ago,10,False
https://youtu.be/DZIASl9q90s?si=56faVqrrQ9AiQZph,@Dileep-yn9pk,Virat Kohli,6 months ago,36,False
https://youtu.be/DZIASl9q90s?si=56faVqrrQ9AiQZph,@Monte-f9k,3 Ğ¼Ğ¸Ğ½ÑƒÑ‚Ğ° Ñ Ğ²Ñ‹Ñ…Ğ¾Ğ´Ğ°,6 months ago,0,False
https://youtu.be/DZIASl9q90s?si=56faVqrrQ9AiQZph,@limo-o1n,Virat kholi,6 months ago,24,False
https://youtu.be/DZIASl9q90s?si=56faVqrrQ9AiQZph,@Jamir_network,â¤â¤,6 months ago,0,False
https://youtu.be/DZIASl9q90s?si=56faVqrrQ9AiQZph,@808ef,messi,6 months ago,5,False
https://youtu.be/DZIASl9q90s?si=56faVqrrQ9AiQZph,@tanuwondervlogs,MS Dhoni,6 months ago,10,False
https://youtu.be/DZIASl9q90s?si=56faVqrrQ9AiQZph,@Semplicemente_pazza,Lamine Yamal,6 months ago,3,False
https://youtu.be/DZIASl9q90s?si=56faVqrrQ9AiQZph,@BenEyomen,Ä°lk,6 months ago,0,False
https://youtu.be/DZIASl9q90s?si=56faVqrrQ9AiQZph,@Mrrajasingh,Virat Kohli /Ms Dhoniâ¤â¤â¤,6 months ago,23,False
https://youtu.be/DZIASl9q90s?si=56faVqrrQ9AiQZph,@chaudharisunilbhai8207,Virat Kohli,6 months ago,27,False
https://youtu.be/DZIASl9q90s?si=56faVqrrQ9AiQZph,@number1klayfan,klay thompson,6 months ago,1,False
https://youtu.be/DZIASl9q90s?si=56faVqrrQ9AiQZph,@Justinsamuelll,Messi,6 months ago,6,False
https://youtu.be/DZIASl9q90s?si=56faVqrrQ9AiQZph,@lculylecinematicuniverse4086,Messi or MbappÃ©,6 months ago,5,False
https://youtu.be/DZIASl9q90s?si=56faVqrrQ9AiQZph,@Truckkun-op,U r dad,6 months ago,0,False
https://youtu.be/DZIASl9q90s?si=56faVqrrQ9AiQZph,@Crazykidluke,Lebroooooon,6 months ago,2,False
https://youtu.be/DZIASl9q90s?si=56faVqrrQ9AiQZph,@YoNoob-wf9wz,LeBron james,6 months ago,0,False
https://youtu.be/DZIASl9q90s?si=56faVqrrQ9AiQZph,@Kymskaya_kyma,pls get ronalda again i begg u sm for me,6 months ago,1,False
https://youtu.be/DZIASl9q90s?si=56faVqrrQ9AiQZph,@Trevso-mb2wd,MESIIIIIIIIIII,6 months ago,10,False
https://youtu.be/DZIASl9q90s?si=56faVqrrQ9AiQZph,@mikeybgmi8875,David goggins,6 months ago,3,False
https://youtu.be/DZIASl9q90s?si=56faVqrrQ9AiQZph,@warantoniorizo5242,ğŸ‰ğŸ‰ğŸ‰ğŸ‰,6 months ago,0,False
https://youtu.be/DZIASl9q90s?si=56faVqrrQ9AiQZph,@yeasinarafat3969,Leo messi,6 months ago,4,False
https://youtu.be/DZIASl9q90s?si=56faVqrrQ9AiQZph,@realspecterx,Antony,6 months ago,2,False
https://youtu.be/DZIASl9q90s?si=56faVqrrQ9AiQZph,@kukucaunn,yo,6 months ago,0,False
https://youtu.be/DZIASl9q90s?si=56faVqrrQ9AiQZph,@abuustore337,Aim indonesia,6 months ago,0,False
https://youtu.be/DZIASl9q90s?si=56faVqrrQ9AiQZph,@JonathanLucas-e2f,Hello @MrbeastğŸ‰ğŸ‰ğŸ‰ğŸ‰ğŸ‰,6 months ago,0,False
https://youtu.be/DZIASl9q90s?si=56faVqrrQ9AiQZph,@Cayeofficialcayeofficial,129,6 months ago,1,False
https://youtu.be/DZIASl9q90s?si=56faVqrrQ9AiQZph,@Glennquagmire455,it look wo cool,6 months ago,1,False
https://youtu.be/DZIASl9q90s?si=56faVqrrQ9AiQZph,@EderMamani-j7y,ğŸ˜…,6 months ago,1,False
https://youtu.be/DZIASl9q90s?si=56faVqrrQ9AiQZph,@MehediHasan-b1r8d,Leo messi,6 months ago,8,False
https://youtu.be/DZIASl9q90s?si=56faVqrrQ9AiQZph,@nonamr45342,Love you mrbeastâ¤â¤â¤,6 months ago,1,False
https://youtu.be/DZIASl9q90s?si=56faVqrrQ9AiQZph,@vin_xin,Messi,6 months ago,8,False
https://youtu.be/DZIASl9q90s?si=56faVqrrQ9AiQZph,@VipulN-m4q4t,Mbape,6 months ago,2,False
https://youtu.be/DZIASl9q90s?si=56faVqrrQ9AiQZph,@Betkarharshad,Virat Kohli ğŸ‰,6 months ago,15,False
https://youtu.be/DZIASl9q90s?si=56faVqrrQ9AiQZph,@pepehimovic3135,Ibra,6 months ago,0,False
https://youtu.be/DZIASl9q90s?si=56faVqrrQ9AiQZph,@SalahuddinAyubii,Messi,6 months ago,6,False
https://youtu.be/DZIASl9q90s?si=56faVqrrQ9AiQZph,@Samsays._.18-r3l,"Virat Kohli pls....
you'll get lots of love from all Indians",6 months ago,20,False
https://youtu.be/DZIASl9q90s?si=56faVqrrQ9AiQZph,@Nuzukuyamada,Messi,6 months ago,6,False
https://youtu.be/DZIASl9q90s?si=56faVqrrQ9AiQZph,@ayannakeels7530,LeBron James,6 months ago,3,False
https://youtu.be/DZIASl9q90s?si=56faVqrrQ9AiQZph,@saimashahid8897,Messi,6 months ago,8,False
https://youtu.be/DZIASl9q90s?si=56faVqrrQ9AiQZph,@Semplicemente_pazza,Halland,6 months ago,2,False
https://youtu.be/DZIASl9q90s?si=56faVqrrQ9AiQZph,@Benjiedits926,Rugby league,6 months ago,1,False
https://youtu.be/DZIASl9q90s?si=56faVqrrQ9AiQZph,@hehechicken99,M bappe YOOOOOOOOOOOOOOOOOOOOOOOOOOOOOOOOOOOOOOOOOOOOOOOOOOOOOOOOOOOOOOOOOOOOOOOOOOOOOOOOOOOOOOOO,6 months ago,1,False
https://youtu.be/DZIASl9q90s?si=56faVqrrQ9AiQZph,@JaMEzdapolo,Michael Jordan,6 months ago,0,False
https://youtu.be/DZIASl9q90s?si=56faVqrrQ9AiQZph,@AbdulRahman-pd5ho,Antony ğŸ‡§ğŸ‡·ğŸ,6 months ago,1,False
https://youtu.be/DZIASl9q90s?si=56faVqrrQ9AiQZph,@RakibulHasan-n1d,Messi â¤â¤â¤,6 months ago,4,False
https://youtu.be/DZIASl9q90s?si=56faVqrrQ9AiQZph,@purushottamgauli942,"MESSI
 PLZ",6 months ago,9,False
https://youtu.be/DZIASl9q90s?si=56faVqrrQ9AiQZph,@LifeSomthingDiffernt,Messi,6 months ago,8,False
https://youtu.be/DZIASl9q90s?si=56faVqrrQ9AiQZph,@speec244,You should do Mbapee ğŸ”¥,6 months ago,2,False
https://youtu.be/DZIASl9q90s?si=56faVqrrQ9AiQZph,@bestesttime-hm8ys,Virat kolile,6 months ago,20,False
https://youtu.be/DZIASl9q90s?si=56faVqrrQ9AiQZph,@pepehimovic3135,Hachimura,6 months ago,1,False
https://youtu.be/DZIASl9q90s?si=56faVqrrQ9AiQZph,@EderMamani-j7y,ğŸ¥°ğŸ¥°ğŸ”‘ğŸ˜€,6 months ago,0,False
https://youtu.be/DZIASl9q90s?si=56faVqrrQ9AiQZph,@VipulN-m4q4t,Virat kohli,6 months ago,16,False
https://youtu.be/DZIASl9q90s?si=56faVqrrQ9AiQZph,@jacobdore-gu7lw,Jz t'adore depuis la cÃ´te d'ivoire,6 months ago,0,False
https://youtu.be/DZIASl9q90s?si=56faVqrrQ9AiQZph,@drovks,me,6 months ago,0,False
https://youtu.be/DZIASl9q90s?si=56faVqrrQ9AiQZph,@shod_908,misse,6 months ago,2,False
https://youtu.be/DZIASl9q90s?si=56faVqrrQ9AiQZph,@ê¼¬ë¶2-u1k,ë©”ì‹œ,6 months ago,0,False
https://youtu.be/DZIASl9q90s?si=56faVqrrQ9AiQZph,@nintendotanzindorje,Virat kohli,6 months ago,21,False
https://youtu.be/DZIASl9q90s?si=56faVqrrQ9AiQZph,@LeedsLatest,MESSI,6 months ago,9,False
https://youtu.be/DZIASl9q90s?si=56faVqrrQ9AiQZph,@nikhilgahlyan,Manika batra â¤,6 months ago,3,False
https://youtu.be/DZIASl9q90s?si=56faVqrrQ9AiQZph,@Aether_Sketch,Dhoni,6 months ago,6,False
https://youtu.be/DZIASl9q90s?si=56faVqrrQ9AiQZph,@animalknd,Virat kohli,6 months ago,18,False
https://youtu.be/DZIASl9q90s?si=56faVqrrQ9AiQZph,@Cricpratik1,Messi,6 months ago,9,False
https://youtu.be/DZIASl9q90s?si=56faVqrrQ9AiQZph,@rameshtarunkris1910,Virat Kholi,6 months ago,15,False
https://youtu.be/DZIASl9q90s?si=56faVqrrQ9AiQZph,@TheRealIcyBlox,Haaland,6 months ago,0,False
https://youtu.be/DZIASl9q90s?si=56faVqrrQ9AiQZph,@berthayupanquimedrano84,Messi plsğŸ,6 months ago,4,False
https://youtu.be/DZIASl9q90s?si=56faVqrrQ9AiQZph,@kyawswarphyoe9614,"Absolutely, MESSI....",6 months ago,9,False
https://youtu.be/DZIASl9q90s?si=56faVqrrQ9AiQZph,@shortsking-d3z,Virat Kohli,6 months ago,19,False
https://youtu.be/DZIASl9q90s?si=56faVqrrQ9AiQZph,@sagniksaha928,Messiâ¤,6 months ago,5,False
https://youtu.be/DZIASl9q90s?si=56faVqrrQ9AiQZph,@hellomn489,Pls Viáº¹t Nam Cong PhÆ°á»£ng,6 months ago,1,False
https://youtu.be/DZIASl9q90s?si=56faVqrrQ9AiQZph,@thepurescissor,Messi,6 months ago,5,False
https://youtu.be/DZIASl9q90s?si=56faVqrrQ9AiQZph,@madra6639,Curry,6 months ago,0,False
https://youtu.be/DZIASl9q90s?si=56faVqrrQ9AiQZph,@Traffy-OP,Messiiiii ğŸ‰ğŸ‰ğŸ‰ğŸ‰,6 months ago,4,False
https://youtu.be/DZIASl9q90s?si=56faVqrrQ9AiQZph,@Vksmry-y5e,NetmayrğŸ˜‚,6 months ago,1,False
https://youtu.be/DZIASl9q90s?si=56faVqrrQ9AiQZph,@theanoymous9533,Virat Kohli,6 months ago,12,False
https://youtu.be/DZIASl9q90s?si=56faVqrrQ9AiQZph,@AtikurSports,Firdt,6 months ago,1,False
https://youtu.be/DZIASl9q90s?si=56faVqrrQ9AiQZph,@MituPaul-w4s,Virat kohli,6 months ago,15,False
https://youtu.be/DZIASl9q90s?si=56faVqrrQ9AiQZph,@SheikhEvraan,"messi,lebron",6 months ago,2,False
https://youtu.be/DZIASl9q90s?si=56faVqrrQ9AiQZph,@TheRealWillTheDollarBill,Patrick mahomes,6 months ago,0,False
https://youtu.be/DZIASl9q90s?si=56faVqrrQ9AiQZph,@user-gimoling8,goat ğŸ,6 months ago,2,False
https://youtu.be/DZIASl9q90s?si=56faVqrrQ9AiQZph,@roomsujixzx,Kylian MbappÃ©ğŸ‰,6 months ago,0,False
https://youtu.be/DZIASl9q90s?si=56faVqrrQ9AiQZph,@shashi0.1,Virat Kohali â¤,6 months ago,10,False
https://youtu.be/DZIASl9q90s?si=56faVqrrQ9AiQZph,@nushratsharmin8402,Messi,6 months ago,4,False
https://youtu.be/DZIASl9q90s?si=56faVqrrQ9AiQZph,@NSVloger-q1i,Love from nepalâ¤â¤â¤â¤,6 months ago,2,False
https://youtu.be/DZIASl9q90s?si=56faVqrrQ9AiQZph,@maxdg968,I bet i can beat the fastest virtual rally driver using a controller vs a steering wheel,6 months ago,1,False
https://youtu.be/DZIASl9q90s?si=56faVqrrQ9AiQZph,@Super_Jace1,me,6 months ago,1,False
https://youtu.be/DZIASl9q90s?si=56faVqrrQ9AiQZph,@LEEMINGXUANMoe-dk5lv,Usanbolt,6 months ago,0,False
https://youtu.be/DZIASl9q90s?si=56faVqrrQ9AiQZph,@adharshsugapriya7528,Messi,6 months ago,7,False
https://youtu.be/DZIASl9q90s?si=56faVqrrQ9AiQZph,@Wake_bake_repeat,Letâ€™s doâ€¦YOUR MOM!!!!,6 months ago,1,False
https://youtu.be/DZIASl9q90s?si=56faVqrrQ9AiQZph,@KeithReid-z9d,MeğŸ˜Š,6 months ago,1,False
https://youtu.be/DZIASl9q90s?si=56faVqrrQ9AiQZph,@bhikuubha6405,Messi,6 months ago,2,False
https://youtu.be/DZIASl9q90s?si=56faVqrrQ9AiQZph,@City_Curio,MS dhoni,6 months ago,3,False
https://youtu.be/DZIASl9q90s?si=56faVqrrQ9AiQZph,@xyzanime9606,Virat kohli,6 months ago,13,False
https://youtu.be/DZIASl9q90s?si=56faVqrrQ9AiQZph,@bijaybhandari8981,Where is virat kohli king of cricket â¤ï¸ğŸğŸ‘‘. I am very sad for you .ğŸ˜¢ğŸ˜¢ğŸ˜¢ğŸ˜¢,6 months ago,4,False
https://youtu.be/DZIASl9q90s?si=56faVqrrQ9AiQZph,@Kuldeep-v8r2c,Messi â¤,6 months ago,2,False
https://youtu.be/DZIASl9q90s?si=56faVqrrQ9AiQZph,@Sportsprodz15,Lamar jackson,6 months ago,0,False
https://youtu.be/DZIASl9q90s?si=56faVqrrQ9AiQZph,@GabrielWong-r4u,lebron,6 months ago,2,False
https://youtu.be/DZIASl9q90s?si=56faVqrrQ9AiQZph,@ibrahimchowdhury-t2q,Messiâ¤,6 months ago,1,False
https://youtu.be/DZIASl9q90s?si=56faVqrrQ9AiQZph,@user-.BLACKshadow,first,6 months ago,1,False
https://youtu.be/DZIASl9q90s?si=56faVqrrQ9AiQZph,@donnahrodgers5025,MbappÃ©,6 months ago,0,False
https://youtu.be/DZIASl9q90s?si=56faVqrrQ9AiQZph,@JhomurMariya,Omg Neymar Jr ğŸ¤—,6 months ago,0,False
https://youtu.be/DZIASl9q90s?si=56faVqrrQ9AiQZph,@TheFlyingThinker,Virat kohli,6 months ago,11,False
https://youtu.be/DZIASl9q90s?si=56faVqrrQ9AiQZph,@HawkEyeEditz,Virat Kohli,6 months ago,9,False
https://youtu.be/DZIASl9q90s?si=56faVqrrQ9AiQZph,@Boardtapper,Micheal jordan,6 months ago,0,False
https://youtu.be/DZIASl9q90s?si=56faVqrrQ9AiQZph,@MsFarufly,ğŸ«¶ğŸ» Wow ğŸ‰,6 months ago,0,False
https://youtu.be/DZIASl9q90s?si=56faVqrrQ9AiQZph,@RMRM123-1,Messi,6 months ago,2,False
https://youtu.be/DZIASl9q90s?si=56faVqrrQ9AiQZph,@mdmehedi9bd,ğŸ‡§ğŸ‡©ğŸ‡§ğŸ‡©,6 months ago,0,False
https://youtu.be/DZIASl9q90s?si=56faVqrrQ9AiQZph,@wizardsteam6292,Virat kohli,6 months ago,9,False
https://youtu.be/DZIASl9q90s?si=56faVqrrQ9AiQZph,@Shashi_Singh_1,Mbappe,6 months ago,2,False
https://youtu.be/DZIASl9q90s?si=56faVqrrQ9AiQZph,@sairamcharancharan2317,Mbappe,6 months ago,1,False
https://youtu.be/DZIASl9q90s?si=56faVqrrQ9AiQZph,@bad-luck-hk,I love you all guys â¤â¤â¤,6 months ago,0,False
https://youtu.be/DZIASl9q90s?si=56faVqrrQ9AiQZph,@bacongaming124,Messi,6 months ago,2,False
https://youtu.be/DZIASl9q90s?si=56faVqrrQ9AiQZph,@Itz_Sez,Messi ? Pls â¤ love u beast,6 months ago,1,False
https://youtu.be/DZIASl9q90s?si=56faVqrrQ9AiQZph,@andrewdrone,Do some Battlebots,6 months ago,0,False
https://youtu.be/DZIASl9q90s?si=56faVqrrQ9AiQZph,@wizardsteam6292,Plzz virat kohli,6 months ago,7,False
https://youtu.be/DZIASl9q90s?si=56faVqrrQ9AiQZph,@SourovNarnan,bro really pulled me down the stairs ğŸ˜­ğŸ¥º,6 months ago,0,False
https://youtu.be/DZIASl9q90s?si=56faVqrrQ9AiQZph,@edwards66,LEBRONNNNN,6 months ago,1,False
https://youtu.be/DZIASl9q90s?si=56faVqrrQ9AiQZph,@San_478,Brock Lesnar,6 months ago,2,False
https://youtu.be/DZIASl9q90s?si=56faVqrrQ9AiQZph,@TackleManish,Virat Kohli,6 months ago,9,False
https://youtu.be/DZIASl9q90s?si=56faVqrrQ9AiQZph,@NijelGarcia,"ğ˜¿ğ™ªğ™šğ™¡ğ™š ğ™–ğ™¢ğ™–ğ™§...ğŸ¥€
ğ™ğ™ğ™£ ğ™¨ğ™šğ™§ ğ™–ğ™¢ğ™–ğ™™ğ™¤ ...ğŸ’”
ğ™¥ğ™šğ™§ğ™¤ ğ™™ğ™ªğ™šğ™¡ğ™š ğ™¢ğ™–ğ™¨...ğŸ¥€
ğ˜¿ğ™šğ™¨ğ™¥ğ™šğ™§ğ™©ğ™–ğ™§...ğŸ’”ğŸ˜
ğ™ğ™ğ™£ ğ™šğ™¡ ğ™˜ğ™šğ™¡ğ™ªğ™¡ğ™–ğ™§ ğ™˜ğ™–ğ™§ğ™œğ™–ğ™™ğ™¤...ğŸ¥€",6 months ago,3,False
https://youtu.be/DZIASl9q90s?si=56faVqrrQ9AiQZph,@-Intr0vertz-,LeBonbon,6 months ago,1,False
https://youtu.be/DZIASl9q90s?si=56faVqrrQ9AiQZph,@Adonus2011,MESSI ğŸ‡¦ğŸ‡·ğŸ‡¦ğŸ‡·ğŸ‡¦ğŸ‡·ğŸ‡¦ğŸ‡·ğŸ‡¦ğŸ‡·ğŸ‡¦ğŸ‡·ğŸ—¿ğŸ—¿ğŸ—¿ğŸ—¿ğŸ—¿ğŸ—¿ğŸ—¿ğŸ—¿ğŸ—¿ğŸ—¿ğŸ—¿ğŸ—¿ğŸ‡¦ğŸ‡·ğŸ‡¦ğŸ‡·ğŸ‡¦ğŸ‡·ğŸ‡¦ğŸ‡·ğŸ‡¦ğŸ‡·ğŸ‡¦ğŸ‡·ğŸ‡¦ğŸ‡·ğŸ‡¦ğŸ‡·ğŸ‡¦ğŸ‡·ğŸ‡¦ğŸ‡·,6 months ago,3,False
https://youtu.be/DZIASl9q90s?si=56faVqrrQ9AiQZph,@ericksonymasa1666,Manny Pacquaio!,6 months ago,1,False
https://youtu.be/DZIASl9q90s?si=56faVqrrQ9AiQZph,@Shashi_Singh_1,Mbappe,6 months ago,1,False
https://youtu.be/DZIASl9q90s?si=56faVqrrQ9AiQZph,@Meme27YT,Micheal Phelps,6 months ago,0,False
https://youtu.be/DZIASl9q90s?si=56faVqrrQ9AiQZph,@GYATTATRONS,Lebron,6 months ago,1,False
https://youtu.be/DZIASl9q90s?si=56faVqrrQ9AiQZph,@TofikHasan-lg8lc,Messiâ¤â¤,6 months ago,1,False
https://youtu.be/DZIASl9q90s?si=56faVqrrQ9AiQZph,@Lamine19TheGOAT,Messi,6 months ago,1,False
https://youtu.be/DZIASl9q90s?si=56faVqrrQ9AiQZph,@Joshuaaa-_-AR,pertamaaağŸ‰,6 months ago,0,False
https://youtu.be/DZIASl9q90s?si=56faVqrrQ9AiQZph,@Chavblox,CaseOH,6 months ago,0,False
https://youtu.be/DZIASl9q90s?si=56faVqrrQ9AiQZph,@CurioCapsule_1,Virat Kohli ğŸ”¥,6 months ago,7,False
https://youtu.be/DZIASl9q90s?si=56faVqrrQ9AiQZph,@TarandeepSingh-lb3ky,Virat kohli,6 months ago,8,False
https://youtu.be/DZIASl9q90s?si=56faVqrrQ9AiQZph,@wizardsteam6292,Plzzzzz virat kohli,6 months ago,5,False
https://youtu.be/DZIASl9q90s?si=56faVqrrQ9AiQZph,@Captainblue1202,Justin Jefferson,6 months ago,0,False
https://youtu.be/DZIASl9q90s?si=56faVqrrQ9AiQZph,@Cricketinfo-e6t,Virat Kohli and Rohit sharma,6 months ago,8,False
https://youtu.be/DZIASl9q90s?si=56faVqrrQ9AiQZph,@Jaylenandluke123,Tobey maguire,6 months ago,1,False
https://youtu.be/DZIASl9q90s?si=56faVqrrQ9AiQZph,@Shashi_Singh_1,Mbappe,6 months ago,0,False
https://youtu.be/DZIASl9q90s?si=56faVqrrQ9AiQZph,@igneeliwnl1725,Virat Kohli,6 months ago,8,False
https://youtu.be/DZIASl9q90s?si=56faVqrrQ9AiQZph,@silamsingh6677,Virat Kohli,6 months ago,9,False
https://youtu.be/DZIASl9q90s?si=56faVqrrQ9AiQZph,@Babyoil-c9g,â ğŸ˜Š,6 months ago,1,False
https://youtu.be/DZIASl9q90s?si=56faVqrrQ9AiQZph,@princessadepiedra,A mbappÃ©,6 months ago,0,False
https://youtu.be/DZIASl9q90s?si=56faVqrrQ9AiQZph,@GabrielGonzÃ¡lez-b2g,Messi,6 months ago,0,False
https://youtu.be/DZIASl9q90s?si=56faVqrrQ9AiQZph,@MaddenMan25,Bryce young,6 months ago,0,False
https://youtu.be/DZIASl9q90s?si=56faVqrrQ9AiQZph,@Rog.yt.03,Virat KholiğŸ‡®ğŸ‡³ğŸ‡®ğŸ‡³ğŸ‘‘,6 months ago (edited),11,False
https://youtu.be/DZIASl9q90s?si=56faVqrrQ9AiQZph,@MOSTVIRALVIDEOS-anil,First ğŸ¥‡,6 months ago,0,False
https://youtu.be/DZIASl9q90s?si=56faVqrrQ9AiQZph,@musa_editx,Messi,6 months ago,1,False
https://youtu.be/DZIASl9q90s?si=56faVqrrQ9AiQZph,@EricStuddard-x3u,Michael Phelps,6 months ago,0,False
https://youtu.be/DZIASl9q90s?si=56faVqrrQ9AiQZph,@akshitnain4597,Hello guys,6 months ago,1,False
https://youtu.be/DZIASl9q90s?si=56faVqrrQ9AiQZph,@caseymonahan6260,Hockey players,6 months ago,0,False
https://youtu.be/DZIASl9q90s?si=56faVqrrQ9AiQZph,@zizzyandthunder,yo,6 months ago,0,False
https://youtu.be/DZIASl9q90s?si=56faVqrrQ9AiQZph,@samoodi6075,ğŸ‰,6 months ago,0,False
https://youtu.be/DZIASl9q90s?si=56faVqrrQ9AiQZph,@anitaupadhyay6028,Virat kohli,6 months ago,7,False
https://youtu.be/DZIASl9q90s?si=56faVqrrQ9AiQZph,@bijaybhandari8981,Virat kohli ğŸâ¤ï¸ğŸ‘‘,6 months ago,9,False
https://youtu.be/DZIASl9q90s?si=56faVqrrQ9AiQZph,@Ityourboywaqas,Me,6 months ago,0,False
https://youtu.be/DZIASl9q90s?si=56faVqrrQ9AiQZph,@wizardsteam6292,Virat kohli,6 months ago,6,False
https://youtu.be/DZIASl9q90s?si=56faVqrrQ9AiQZph,@sarahcampbell1316,Me Iâ€™m a athlete,6 months ago,0,False
https://youtu.be/DZIASl9q90s?si=56faVqrrQ9AiQZph,@MunoLSolo,Ryan Garcia,6 months ago,0,False
https://youtu.be/DZIASl9q90s?si=56faVqrrQ9AiQZph,@ArpanHancy-gh4lj,Messi,6 months ago,1,False
https://youtu.be/DZIASl9q90s?si=56faVqrrQ9AiQZph,@bot994,Messi,6 months ago,1,False
https://youtu.be/DZIASl9q90s?si=56faVqrrQ9AiQZph,@tahmina1212,First ğŸ‰,6 months ago,1,False
https://youtu.be/DZIASl9q90s?si=56faVqrrQ9AiQZph,@honxgames,Messi,6 months ago,2,False
https://youtu.be/DZIASl9q90s?si=56faVqrrQ9AiQZph,@PrabhasGupta-y9p,Virat kolhi,6 months ago,9,False
https://youtu.be/DZIASl9q90s?si=56faVqrrQ9AiQZph,@yosoyyassin751,â¤â¤â¤,6 months ago,1,False
https://youtu.be/DZIASl9q90s?si=56faVqrrQ9AiQZph,@Mikku3-x9l,caseoh,6 months ago,3,False
https://youtu.be/DZIASl9q90s?si=56faVqrrQ9AiQZph,@Kirk._,Paul Skenes,6 months ago,0,False
https://youtu.be/DZIASl9q90s?si=56faVqrrQ9AiQZph,@diegocano5002,Rafa Nadal pls,6 months ago,0,False
https://youtu.be/DZIASl9q90s?si=56faVqrrQ9AiQZph,@Ø­Ø³Ø§Ù…Ø´Ø§Ø¯ÙŠ-Ø´8Ø²,mo .salah,6 months ago,0,False
https://youtu.be/DZIASl9q90s?si=56faVqrrQ9AiQZph,@abgrg..official,ğŸ˜ŠğŸ˜ŠğŸ˜Š,6 months ago,0,False
https://youtu.be/DZIASl9q90s?si=56faVqrrQ9AiQZph,@samuderadito7422,Frist,6 months ago,1,False
https://youtu.be/DZIASl9q90s?si=56faVqrrQ9AiQZph,@Martin-ge7hx,lebron james,6 months ago,1,False
https://youtu.be/DZIASl9q90s?si=56faVqrrQ9AiQZph,@Krishnathakur-no2yc,Messi,6 months ago,1,False
https://youtu.be/DZIASl9q90s?si=56faVqrrQ9AiQZph,@UditSeth-z3m,Love you broâ¤,6 months ago,0,False
https://youtu.be/DZIASl9q90s?si=56faVqrrQ9AiQZph,@yosoyyassin751,â¤â¤â¤â¤â¤,6 months ago,1,False
https://youtu.be/DZIASl9q90s?si=56faVqrrQ9AiQZph,@startechy888,Kohli vs me ğŸ˜‚ğŸ˜…ğŸ˜…ğŸ˜…,6 months ago,8,False
https://youtu.be/DZIASl9q90s?si=56faVqrrQ9AiQZph,@BattleRoyale001,I need 100000 USDğŸ˜¢,6 months ago,1,False
https://youtu.be/DZIASl9q90s?si=56faVqrrQ9AiQZph,@MarianoPeredoCastillo,â€‹@familyforever81154Congratulations for being First. Anything else? A Lambo?,6 months ago (edited),0,False
https://youtu.be/DZIASl9q90s?si=56faVqrrQ9AiQZph,@jinpmendoza902,Manny Pacquiao!,6 months ago,1,False
https://youtu.be/DZIASl9q90s?si=56faVqrrQ9AiQZph,@Prashik-d4g,Messi and lamine yamal â¤â¤,6 months ago,2,False
https://youtu.be/DZIASl9q90s?si=56faVqrrQ9AiQZph,@leogaming3264,Messi,6 months ago,2,False
https://youtu.be/DZIASl9q90s?si=56faVqrrQ9AiQZph,@Ashen.k,Me,6 months ago,1,False
https://youtu.be/DZIASl9q90s?si=56faVqrrQ9AiQZph,@MagicHamster389,Messiii,6 months ago,3,False
https://youtu.be/DZIASl9q90s?si=56faVqrrQ9AiQZph,@swayyzwyd,Lamine Yamal,6 months ago,1,False
https://youtu.be/DZIASl9q90s?si=56faVqrrQ9AiQZph,@PequenitoAnÃ´nimo,VenÃ§a o Neybar e ganhe quanto?,6 months ago,1,False
https://youtu.be/DZIASl9q90s?si=56faVqrrQ9AiQZph,@An.orange.and.grey.tabbycat,Foot fungus,6 months ago,1,False
https://youtu.be/DZIASl9q90s?si=56faVqrrQ9AiQZph,@Dhananjayedge,Virat kohli.......â¤,6 months ago,6,False
https://youtu.be/DZIASl9q90s?si=56faVqrrQ9AiQZph,@yosoyyassin751,ğŸ‡²ğŸ‡¦ğŸ‡²ğŸ‡¦ğŸ‡²ğŸ‡¦ğŸ‡²ğŸ‡¦,6 months ago,0,False
https://youtu.be/DZIASl9q90s?si=56faVqrrQ9AiQZph,@noonessssssssssz,Virat kholi,6 months ago,6,False
https://youtu.be/DZIASl9q90s?si=56faVqrrQ9AiQZph,@blackfire6489,CR7,6 months ago,1,False
https://youtu.be/DZIASl9q90s?si=56faVqrrQ9AiQZph,@VikashSingh404zzz,GreatğŸ‘ğŸ‘ğŸ‘,6 months ago,1,False
https://youtu.be/DZIASl9q90s?si=56faVqrrQ9AiQZph,@dwlakshya,Virat Kohli,6 months ago,7,False
https://youtu.be/DZIASl9q90s?si=56faVqrrQ9AiQZph,@ElDylan13,Messi,6 months ago,2,False
https://youtu.be/DZIASl9q90s?si=56faVqrrQ9AiQZph,@gt500ben7,Skubal from Detroit!!!!!!!,6 months ago,1,False
https://youtu.be/DZIASl9q90s?si=56faVqrrQ9AiQZph,@saimoonkhan8796,Messi,6 months ago,2,False
https://youtu.be/DZIASl9q90s?si=56faVqrrQ9AiQZph,@MDMHJ123,I love u mrbeast ğŸ‰ğŸ‰,6 months ago,0,False
https://youtu.be/DZIASl9q90s?si=56faVqrrQ9AiQZph,@EnzoMedeirossantos,Hello Neyma,6 months ago,1,False
https://youtu.be/DZIASl9q90s?si=56faVqrrQ9AiQZph,@SorifulSk-x2t,ğŸ˜¢ğŸ˜¢ğŸ˜¢ğŸ˜¢ğŸ˜¢ğŸ˜¢ğŸ˜¢,6 months ago,0,False
https://youtu.be/DZIASl9q90s?si=56faVqrrQ9AiQZph,@jaydenbrown3692,randoms vs shaq would be amazing,6 months ago,1,False
https://youtu.be/DZIASl9q90s?si=56faVqrrQ9AiQZph,@ImEditerOfficial,Messi vs Ronaldo ğŸ’€,6 months ago,3,False
https://youtu.be/DZIASl9q90s?si=56faVqrrQ9AiQZph,@bisheshbudhathoki5916,Me bro,6 months ago,0,False
https://youtu.be/DZIASl9q90s?si=56faVqrrQ9AiQZph,@rickeitahardeman8162,Xavier worthy,6 months ago,0,False
https://youtu.be/DZIASl9q90s?si=56faVqrrQ9AiQZph,@SOLARBUCKS,bruh can i be in your next video ğŸ˜ğŸ˜,6 months ago,0,False
https://youtu.be/DZIASl9q90s?si=56faVqrrQ9AiQZph,@ganeshg5976,Virat kohli,6 months ago,4,False
https://youtu.be/DZIASl9q90s?si=56faVqrrQ9AiQZph,@daaruk2905,virat kohli,6 months ago,5,False
https://youtu.be/DZIASl9q90s?si=56faVqrrQ9AiQZph,@brook_rod,Sydney McLaughlin!,6 months ago,1,False
https://youtu.be/DZIASl9q90s?si=56faVqrrQ9AiQZph,@dimidas2580,Messi,6 months ago,1,False
https://youtu.be/DZIASl9q90s?si=56faVqrrQ9AiQZph,@furnituremahal2353,Messi,6 months ago,1,False
https://youtu.be/DZIASl9q90s?si=56faVqrrQ9AiQZph,@magus3553,Steph Curry,6 months ago,1,False
https://youtu.be/DZIASl9q90s?si=56faVqrrQ9AiQZph,@CJYAX,Jackson,6 months ago,0,False
https://youtu.be/DZIASl9q90s?si=56faVqrrQ9AiQZph,@WAFFLENHL,Lebron,6 months ago,1,False
https://youtu.be/DZIASl9q90s?si=56faVqrrQ9AiQZph,@Super-Plays,LEBRON JAMES!,6 months ago,2,False
https://youtu.be/DZIASl9q90s?si=56faVqrrQ9AiQZph,@BikashGir360,Messsiii,6 months ago,1,False
https://youtu.be/DZIASl9q90s?si=56faVqrrQ9AiQZph,@chesterthechickeneater1302,Shohei Ohtani,6 months ago,5,False
https://youtu.be/DZIASl9q90s?si=56faVqrrQ9AiQZph,@Ashen.k,Me,6 months ago,1,False
https://youtu.be/DZIASl9q90s?si=56faVqrrQ9AiQZph,@LiamVasquez-w7z,Lebron,6 months ago,0,False
https://youtu.be/DZIASl9q90s?si=56faVqrrQ9AiQZph,@MUHAMMETGAME31,E sporcular olsun lÃ¼tfen,6 months ago,0,False
https://youtu.be/DZIASl9q90s?si=56faVqrrQ9AiQZph,@SA-vl9dr,GET MS DHONI !!!,6 months ago,2,False
https://youtu.be/DZIASl9q90s?si=56faVqrrQ9AiQZph,@trollge8468,Messi,6 months ago,0,False
https://youtu.be/DZIASl9q90s?si=56faVqrrQ9AiQZph,@stevenamaya5639,messi,6 months ago,0,False
https://youtu.be/DZIASl9q90s?si=56faVqrrQ9AiQZph,@alieefigueroa6993,Meeee,6 months ago,0,False
https://youtu.be/DZIASl9q90s?si=56faVqrrQ9AiQZph,@RaeMartLunjas,Is there a chance i could be one of your future contestants someday? -From Php,6 months ago,0,False
https://youtu.be/DZIASl9q90s?si=56faVqrrQ9AiQZph,@jibonmodocksankar,Messi â¤,6 months ago,0,False
https://youtu.be/DZIASl9q90s?si=56faVqrrQ9AiQZph,@sarthaknain6255,Virat kohliâ¤ you will get indian audience ğŸ˜…,6 months ago,4,False
https://youtu.be/DZIASl9q90s?si=56faVqrrQ9AiQZph,@mdatiurrahman1367,Very nice,6 months ago,0,False
https://youtu.be/DZIASl9q90s?si=56faVqrrQ9AiQZph,@RandomPersonJ661,virat kohli,6 months ago,5,False
https://youtu.be/DZIASl9q90s?si=56faVqrrQ9AiQZph,@mamduhasarkar4470,Messi,6 months ago,0,False
https://youtu.be/DZIASl9q90s?si=56faVqrrQ9AiQZph,@nltadz,MessiğŸ‰,6 months ago,1,False
https://youtu.be/DZIASl9q90s?si=56faVqrrQ9AiQZph,@URVerstappen,Max Verstappen,6 months ago,1,False
https://youtu.be/DZIASl9q90s?si=56faVqrrQ9AiQZph,@ErickDheidue,Messi,6 months ago,2,False
https://youtu.be/DZIASl9q90s?si=56faVqrrQ9AiQZph,@DarkDash-w2y,Leo Messi,6 months ago,1,False
https://youtu.be/DZIASl9q90s?si=56faVqrrQ9AiQZph,@plzfeedme34,44 seconds ago,6 months ago,0,False
https://youtu.be/DZIASl9q90s?si=56faVqrrQ9AiQZph,@AsianchesseAsianchesse,Get Messi,6 months ago,0,False
https://youtu.be/DZIASl9q90s?si=56faVqrrQ9AiQZph,@MukarramRasool,Yamal,6 months ago,0,False
https://youtu.be/DZIASl9q90s?si=56faVqrrQ9AiQZph,@22acaciaavegaming,John cena,6 months ago,1,False
https://youtu.be/DZIASl9q90s?si=56faVqrrQ9AiQZph,@ANS-YT-z3n,Lionel Messi,6 months ago,0,False
https://youtu.be/DZIASl9q90s?si=56faVqrrQ9AiQZph,@KamroXOfficiel,MbappÃ©,6 months ago,0,False
https://youtu.be/DZIASl9q90s?si=56faVqrrQ9AiQZph,@Ivan060-n7y,Messi,6 months ago,0,False
https://youtu.be/DZIASl9q90s?si=56faVqrrQ9AiQZph,@SheikhEvraan,ronaldo vs messi,6 months ago,1,False
https://youtu.be/DZIASl9q90s?si=56faVqrrQ9AiQZph,@chargegamer000,I am fan of you,6 months ago,0,False
https://youtu.be/DZIASl9q90s?si=56faVqrrQ9AiQZph,@AK29yt,lebroNNNNN,6 months ago,0,False
https://youtu.be/DZIASl9q90s?si=56faVqrrQ9AiQZph,@Splashycs,Maybe Messi?,6 months ago,0,False
https://youtu.be/DZIASl9q90s?si=56faVqrrQ9AiQZph,@R.A.J.A.718,Virat Kohli,6 months ago,5,False
https://youtu.be/DZIASl9q90s?si=56faVqrrQ9AiQZph,@KaziMashrafiTakbir,Messi,6 months ago,0,False
https://youtu.be/DZIASl9q90s?si=56faVqrrQ9AiQZph,@barshanpanja4027,Neeraj ChoprağŸ‰,6 months ago,3,False
https://youtu.be/DZIASl9q90s?si=56faVqrrQ9AiQZph,@SaimonHossen-i3o,ğŸ‰ğŸ‰ğŸ‰â¤â¤â¤â¤ğŸ˜¢ğŸ˜¢ğŸ˜¢ğŸ˜¢,6 months ago,1,False
https://youtu.be/DZIASl9q90s?si=56faVqrrQ9AiQZph,@MadClovis,The rock,6 months ago,0,False
https://youtu.be/DZIASl9q90s?si=56faVqrrQ9AiQZph,@MehdddiMehdddi,Sergio Ramos,6 months ago,0,False
https://youtu.be/DZIASl9q90s?si=56faVqrrQ9AiQZph,@Hofe404,Me,6 months ago,0,False
https://youtu.be/DZIASl9q90s?si=56faVqrrQ9AiQZph,@connorschaper7046,Best baseball catcher you should use Francisco Alverez from the New York Mets,6 months ago,1,False
https://youtu.be/DZIASl9q90s?si=56faVqrrQ9AiQZph,@javeriawasi658,Messi,6 months ago,0,False
https://youtu.be/DZIASl9q90s?si=56faVqrrQ9AiQZph,@prowolf600,Virat kohli,6 months ago,6,False
https://youtu.be/DZIASl9q90s?si=56faVqrrQ9AiQZph,@TaylorStokes-xw6jt,Messi,6 months ago,0,False
https://youtu.be/DZIASl9q90s?si=56faVqrrQ9AiQZph,@Ğ”Ğ°Ğ¼Ğ¸Ñ€Ğ¨Ğ°Ğ¹Ğ¼ÑƒÑ…Ğ°Ğ¼ĞµÑ‚Ğ¾Ğ²,Messi,6 months ago,1,False
https://youtu.be/DZIASl9q90s?si=56faVqrrQ9AiQZph,@rohangamingyt6273,Me from Bangladesh ğŸ˜Š,6 months ago,0,False
https://youtu.be/DZIASl9q90s?si=56faVqrrQ9AiQZph,@aashusingh-jt9il,Messi,6 months ago,1,False
https://youtu.be/DZIASl9q90s?si=56faVqrrQ9AiQZph,@Mineroda,First cr7 now NeymarğŸ”¥ğŸ”¥ğŸ˜®â€ğŸ’¨,6 months ago,2,False
https://youtu.be/DZIASl9q90s?si=56faVqrrQ9AiQZph,@MarioParty_1998,Tiger Woods,6 months ago,1,False
https://youtu.be/DZIASl9q90s?si=56faVqrrQ9AiQZph,@NOB_1234,Waos,6 months ago,0,False
https://youtu.be/DZIASl9q90s?si=56faVqrrQ9AiQZph,@TheFirstIsoraptor,Josh allen,6 months ago,1,False
https://youtu.be/DZIASl9q90s?si=56faVqrrQ9AiQZph,@NEWGENRP-PS5,LEBRON,6 months ago,0,False
https://youtu.be/DZIASl9q90s?si=56faVqrrQ9AiQZph,@RKS7Diamond786,Messi âš½ï¸,6 months ago (edited),1,False
https://youtu.be/DZIASl9q90s?si=56faVqrrQ9AiQZph,@CashCarti0_,LeBron,6 months ago,0,False
https://youtu.be/DZIASl9q90s?si=56faVqrrQ9AiQZph,@d4rkbloxyt,Akinfenwa,6 months ago,0,False
https://youtu.be/DZIASl9q90s?si=56faVqrrQ9AiQZph,@Ronalhalk,Messi,6 months ago,0,False
https://youtu.be/DZIASl9q90s?si=56faVqrrQ9AiQZph,@hydraking34,Messi,6 months ago,0,False
https://youtu.be/DZIASl9q90s?si=56faVqrrQ9AiQZph,@HamdanShahzad-hm3vq,ARSHAD MADEEM PLS FROM PAKISTAN ğŸ‡µğŸ‡°,6 months ago,0,False
https://youtu.be/DZIASl9q90s?si=56faVqrrQ9AiQZph,@SkReditz245,Noah lyles and shikari,6 months ago,0,False
https://youtu.be/DZIASl9q90s?si=56faVqrrQ9AiQZph,@munghanthi1850,Messi ğŸ‡¦ğŸ‡·ğŸ,6 months ago,1,False
https://youtu.be/DZIASl9q90s?si=56faVqrrQ9AiQZph,@typically_sane,Mbappe,6 months ago,1,False
https://youtu.be/DZIASl9q90s?si=56faVqrrQ9AiQZph,@Deepakob,"Messi and
David warner",6 months ago,0,False
https://youtu.be/DZIASl9q90s?si=56faVqrrQ9AiQZph,@4linadhikariii,Simone biles,6 months ago,0,False
https://youtu.be/DZIASl9q90s?si=56faVqrrQ9AiQZph,@jonahplayscello,E,6 months ago,1,False
https://youtu.be/DZIASl9q90s?si=56faVqrrQ9AiQZph,@leatherMallSialkot,Hockey â¤,6 months ago,0,False
https://youtu.be/DZIASl9q90s?si=56faVqrrQ9AiQZph,@LoayBouja-us8xv,Messi,6 months ago,0,False
https://youtu.be/DZIASl9q90s?si=56faVqrrQ9AiQZph,@RohiemAly,Messi Mbappe,6 months ago,1,False
https://youtu.be/DZIASl9q90s?si=56faVqrrQ9AiQZph,@TheMysteriousGuy18,"Virat kohli next up, i challenge you to get him",6 months ago,2,False
https://youtu.be/DZIASl9q90s?si=56faVqrrQ9AiQZph,@bhagirathipower3275,Leonel massi,6 months ago,0,False
https://youtu.be/DZIASl9q90s?si=56faVqrrQ9AiQZph,@luismariovasquez2108,Messi,6 months ago,0,False
https://youtu.be/DZIASl9q90s?si=56faVqrrQ9AiQZph,@Noobgaming-sk6nj,Messi,6 months ago,0,False
https://youtu.be/DZIASl9q90s?si=56faVqrrQ9AiQZph,@CharlieMcNeill-p8y,Messi and Suarez,6 months ago,0,False
https://youtu.be/DZIASl9q90s?si=56faVqrrQ9AiQZph,@Jester00000,Lebron janes,6 months ago,1,False
https://youtu.be/DZIASl9q90s?si=56faVqrrQ9AiQZph,@iswaryadav4056,Virat kohli â¤ï¸,6 months ago,3,False
https://youtu.be/DZIASl9q90s?si=56faVqrrQ9AiQZph,@AbbasKhan-z2r6s,Next Messi,6 months ago,0,False
https://youtu.be/DZIASl9q90s?si=56faVqrrQ9AiQZph,@Liverpoolfanedits2010-e5m,Messi,6 months ago,0,False
https://youtu.be/DZIASl9q90s?si=56faVqrrQ9AiQZph,@alegoria-z9q,and Messi? for when,6 months ago,1,False
https://youtu.be/DZIASl9q90s?si=56faVqrrQ9AiQZph,@Crazy_remixer,MESSI,6 months ago,0,False
https://youtu.be/DZIASl9q90s?si=56faVqrrQ9AiQZph,@TWINSTOR,Libron James plsâ¤â¤â¤â¤â¤â¤,6 months ago,1,False
https://youtu.be/DZIASl9q90s?si=56faVqrrQ9AiQZph,@SamNelson-l9n,Lebron James,6 months ago,0,False
https://youtu.be/DZIASl9q90s?si=56faVqrrQ9AiQZph,@rayan-209hq,Messi ğŸ˜‚â¤â¤,6 months ago,1,False
https://youtu.be/DZIASl9q90s?si=56faVqrrQ9AiQZph,@valentinajassohernandez5505,Me,6 months ago,0,False
https://youtu.be/DZIASl9q90s?si=56faVqrrQ9AiQZph,@anugyacrafty,Virat Kohli,6 months ago,3,False
https://youtu.be/DZIASl9q90s?si=56faVqrrQ9AiQZph,@SecretTeamA,Mere ğŸ˜…,6 months ago,0,False
https://youtu.be/DZIASl9q90s?si=56faVqrrQ9AiQZph,@Rohit-mu4wd,Messi â¤,6 months ago,0,False
https://youtu.be/DZIASl9q90s?si=56faVqrrQ9AiQZph,@kroxson1,messi,6 months ago,0,False
https://youtu.be/DZIASl9q90s?si=56faVqrrQ9AiQZph,@SlOwZy-2b,Mbappe,6 months ago,0,False
https://youtu.be/DZIASl9q90s?si=56faVqrrQ9AiQZph,@T7imurt,Messi,6 months ago,0,False
https://youtu.be/DZIASl9q90s?si=56faVqrrQ9AiQZph,@FaizanKhan-ps6xi,Messi,6 months ago,0,False
https://youtu.be/DZIASl9q90s?si=56faVqrrQ9AiQZph,@Mr_Syperson,Lionel Messi,6 months ago,0,False
https://youtu.be/DZIASl9q90s?si=56faVqrrQ9AiQZph,@mattielias401,Messi,6 months ago,0,False
https://youtu.be/DZIASl9q90s?si=56faVqrrQ9AiQZph,@SkReditz245,And get messi,6 months ago,0,False
https://youtu.be/DZIASl9q90s?si=56faVqrrQ9AiQZph,@mcsoap2285,Alex Ovechkin from hockey plsss,6 months ago,1,False
https://youtu.be/DZIASl9q90s?si=56faVqrrQ9AiQZph,@Narendras200,Virat Kohli ğŸ˜…,6 months ago,4,False
https://youtu.be/DZIASl9q90s?si=56faVqrrQ9AiQZph,@MahmudulHasan-0001,Messi,6 months ago,0,False
https://youtu.be/DZIASl9q90s?si=56faVqrrQ9AiQZph,@SAUDI2001X,Messi,6 months ago,0,False
https://youtu.be/DZIASl9q90s?si=56faVqrrQ9AiQZph,@mdlutforrahman4718,I want,6 months ago,1,False
https://youtu.be/DZIASl9q90s?si=56faVqrrQ9AiQZph,@RifatKarim-qs5xo,Messi,6 months ago,0,False
https://youtu.be/DZIASl9q90s?si=56faVqrrQ9AiQZph,@bhasuha,Sachin Tendulkar,6 months ago,0,False
https://youtu.be/DZIASl9q90s?si=56faVqrrQ9AiQZph,@Keyakhatun-y6w,I am fan for you,6 months ago,0,False
https://youtu.be/DZIASl9q90s?si=56faVqrrQ9AiQZph,@Lvphotdog,Messi,6 months ago,0,False
https://youtu.be/DZIASl9q90s?si=56faVqrrQ9AiQZph,@dylanwatts9641,Bukayo Saka or Gareth bale pls,6 months ago,0,False
https://youtu.be/DZIASl9q90s?si=56faVqrrQ9AiQZph,@EpicFooty77,Not atlet but he is mine hero . Max Verstappen!,6 months ago,1,False
https://youtu.be/DZIASl9q90s?si=56faVqrrQ9AiQZph,@pro_gaming12-c3q,Halland,6 months ago,0,False
https://youtu.be/DZIASl9q90s?si=56faVqrrQ9AiQZph,@Cr7-goatedit12,Messi or Yamal,6 months ago,1,False
https://youtu.be/DZIASl9q90s?si=56faVqrrQ9AiQZph,@AURAVERSE.769,Virat Kohli,6 months ago,3,False
https://youtu.be/DZIASl9q90s?si=56faVqrrQ9AiQZph,@SkReditz245,And Ronaldo same time,6 months ago,0,False
https://youtu.be/DZIASl9q90s?si=56faVqrrQ9AiQZph,@BumbarYT,MESSI,6 months ago,0,False
https://youtu.be/DZIASl9q90s?si=56faVqrrQ9AiQZph,@epicshinji9258,OHTANI SHOHEI!!,6 months ago,2,False
https://youtu.be/DZIASl9q90s?si=56faVqrrQ9AiQZph,@nidhimuthu4544,Me,6 months ago,0,False
https://youtu.be/DZIASl9q90s?si=56faVqrrQ9AiQZph,@garoachkarian-kh8gt,Messi,6 months ago,0,False
https://youtu.be/DZIASl9q90s?si=56faVqrrQ9AiQZph,@ArvDN0,lionel messi,6 months ago,0,False
https://youtu.be/DZIASl9q90s?si=56faVqrrQ9AiQZph,@Trico-e1o,LeBron james,6 months ago,0,False
https://youtu.be/DZIASl9q90s?si=56faVqrrQ9AiQZph,@LJxGodPulse,Messi,6 months ago,0,False
https://youtu.be/DZIASl9q90s?si=56faVqrrQ9AiQZph,@trytan7229,Virat kohli ğŸ˜‚â¤,6 months ago,2,False
https://youtu.be/DZIASl9q90s?si=56faVqrrQ9AiQZph,@zayan2828,HloğŸ‰,6 months ago,0,False
https://youtu.be/DZIASl9q90s?si=56faVqrrQ9AiQZph,@SecretTeamA,Me,6 months ago,0,False
https://youtu.be/DZIASl9q90s?si=56faVqrrQ9AiQZph,@MaheshThorat-tp2ov,Virat Kohli plz...â¤â¤,6 months ago,3,False
https://youtu.be/DZIASl9q90s?si=56faVqrrQ9AiQZph,@Aajjj244,Nigel sylvester,6 months ago,0,False
https://youtu.be/DZIASl9q90s?si=56faVqrrQ9AiQZph,@unknown.gamer-1M-b2v,Sir me ğŸ˜¢ğŸ˜¢ğŸ˜¢,6 months ago,0,False
https://youtu.be/DZIASl9q90s?si=56faVqrrQ9AiQZph,@IsackHadjarOnTop,Messi,6 months ago,0,False
https://youtu.be/DZIASl9q90s?si=56faVqrrQ9AiQZph,@Umer_here2289,Messi,6 months ago,0,False
https://youtu.be/DZIASl9q90s?si=56faVqrrQ9AiQZph,@PunAnimal,Lebron James,6 months ago,1,False
https://youtu.be/DZIASl9q90s?si=56faVqrrQ9AiQZph,@fatimatuzzohoratithi4379,Messi,6 months ago,0,False
https://youtu.be/DZIASl9q90s?si=56faVqrrQ9AiQZph,@marwaaly5016,How just how.,6 months ago,0,False
https://youtu.be/DZIASl9q90s?si=56faVqrrQ9AiQZph,@Lucky26-11,Me,6 months ago,0,False
https://youtu.be/DZIASl9q90s?si=56faVqrrQ9AiQZph,@Mafia-z4m,BeastttğŸ”¥ğŸ”¥ğŸ”¥,6 months ago,0,False
https://youtu.be/DZIASl9q90s?si=56faVqrrQ9AiQZph,@vinodqa8467,CR,6 months ago,0,False
https://youtu.be/DZIASl9q90s?si=56faVqrrQ9AiQZph,@gerztouh,Khamzat Chimaev,6 months ago,0,False
https://youtu.be/DZIASl9q90s?si=56faVqrrQ9AiQZph,@ayanhoque11,Leo Messi,6 months ago,0,False
https://youtu.be/DZIASl9q90s?si=56faVqrrQ9AiQZph,@licentient,Hitlee,6 months ago,0,False
https://youtu.be/DZIASl9q90s?si=56faVqrrQ9AiQZph,@Collabkingodfirst,LeBron ğŸ‰,6 months ago,0,False
https://youtu.be/DZIASl9q90s?si=56faVqrrQ9AiQZph,@azhfir,Messi,6 months ago,0,False
https://youtu.be/DZIASl9q90s?si=56faVqrrQ9AiQZph,@MOMOone71,CcğŸ¤ j'espÃ¨re vous divertir avec ma discipline assez insolite et trÃ¨s atypique.soyez curieuxğŸ˜‰,6 months ago,0,False
https://youtu.be/DZIASl9q90s?si=56faVqrrQ9AiQZph,@donelle_leejoseph925,Messi,6 months ago,0,False
https://youtu.be/DZIASl9q90s?si=56faVqrrQ9AiQZph,@Fut-editz-o8x,Messi,6 months ago,0,False
https://youtu.be/DZIASl9q90s?si=56faVqrrQ9AiQZph,@_insta_reels_.tamil._,Messiiiiiiiiiii,6 months ago,0,False
https://youtu.be/DZIASl9q90s?si=56faVqrrQ9AiQZph,@MikkilHaddal,Magnus MidtbÃ¸,6 months ago,0,False
https://youtu.be/DZIASl9q90s?si=56faVqrrQ9AiQZph,@NikolausGrossinger-l7l,Messiâ¤â¤â¤,6 months ago,0,False
